File:,,,,,,,,,,,,,,
Variable:,year,age_group_id,age_group_name,sex_id,sex,race_ethnicity,acause,acause_name,type_care,spending_unit,,val,upper,lower
Label:,Year,Age Group ID,Age Group Name,Sex ID,Sex,Race/Ethnicity,Cause,Cause Name,Type of Care,Spending Unit,Value,95% Uncertainty Interval (Upper Bound),95% Uncertainty Interval (Lower Bound),
Value coding:,2002,5,1 to 4,1,Male,"American Indian, Alaska Native (non-Hispanic)",all,All conditions,Ambulatory Care,Spending in 2016 USD (millions),,,,
,2003,6,5 to 9,2,Female,"Asian, Native Hawaiian, Pacific Islander (non-Hispanic)",cvd,Cardiovascular diseases,Dental Care,Spending per capita in 2016 USD,,,,
,2004,7,10 to 14,3,Both,Black (non-Hispanic),cvd_stroke,Cerebrovascular disease,Emergency Department Care,,,,,
,2005,8,15 to 19,,,Hispanic,diabetes,Diabetes mellitus,Inpatient Care,,,,,
,2006,9,20 to 24,,,Multiple races (non-Hispanic),msk_pain,Low back and neck pain,Nursing Facility Care,,,,,
,2007,10,25 to 29,,,Total,resp_asthma,Asthma,Prescribed Pharmaceuticals,,,,,
,2008,11,30 to 34,,,White (non-Hispanic),resp_copd,COPD,Total,,,,,
,2009,12,35 to 39,,,,rf_hypertension,Hypertension,,,,,,
,2010,13,40 to 44,,,,,,,,,,,
,2011,14,45 to 49,,,,,,,,,,,
,2012,15,50 to 54,,,,,,,,,,,
,2013,16,55 to 59,,,,,,,,,,,
,2014,17,60 to 64,,,,,,,,,,,
,2015,18,65 to 69,,,,,,,,,,,
,2016,19,70 to 74,,,,,,,,,,,
,,20,75 to 79,,,,,,,,,,,
,,22,All Ages,,,,,,,,,,,
,,28,<1 year,,,,,,,,,,,
,,30,80 to 84,,,,,,,,,,,
,,160,85 plus,,,,,,,,,,,
