﻿Table with row headers in column A and column headers in rows 8 through 9 and 32 through 33,,,
"Table P-1. CPS Population and Per Capita Money Income, White Not Hispanic People: 1993 to 2020",,,
"Information on confidentiality protection, sampling error, nonsampling error, and definitions is available at <https://www2.census.gov/programs-surveys/cps/techdocs/cpsmar21.pdf>.",,,
Footnotes are available at <www.census.gov/topics/income-poverty/income/guidance/cps-historic-footnotes.html>.,,,
"Source: U.S. Census Bureau, Current Population Survey, 1994 to 2021 Annual Social and Economic Supplements (CPS ASEC).",,,
(Population as of March of the following year. Income in current and 2020 CPI-U-RS adjusted dollars (28)),,,
"White Alone, Not Hispanic (31)",,,
Year,Number (thousands),Per capita income,
,,"Current
dollars","2020
dollars"
2020,"194,524","46,098","46,098"
2019,"194,858","46,281","46,859"
2018,"195,060","42,692","44,008"
2017 (40),"195,487","41,629","43,958"
2017,"195,530","40,601","42,873"
2016,"195,453","38,948","42,012"
2015,"195,646","37,147","40,586"
2014,"195,352","35,629","38,994"
2013 (39),"195,247","35,270","39,255"
2013 (38),"195,399","34,103","37,956"
2012,"195,330","33,434","37,763"
2011,"195,148","32,673","37,685"
2010 (37),"194,996","31,387","37,343"
2009 (36),"197,436","30,941","37,420"
2008,"197,159","31,313","37,738"
2007,"196,768","31,051","38,860"
2006,"196,252","30,431","39,164"
2005,"195,893","28,946","38,460"
2004 (35),"195,347","27,439","37,693"
2003,"194,877","26,774","37,773"
2002,"194,421","26,128","37,699"
"White, Not Hispanic (32)",,,
Year,Number (thousands),Per capita income,
,,"Current
dollars","2020
dollars"
2001,"194,822","26,134","38,302"
2000 (30),"193,931","25,529","38,480"
1999 (29),"192,858","24,312","37,889"
1998,"193,074","22,952","36,532"
1997,"192,178","21,905","35,337"
1996,"191,791","20,520","33,819"
1995 (25),N,N,N
1994 (24),N,N,N
1993 (23),"191,087","17,804","31,494"
