year,age_group_id,age_group_name,sex_id,sex,race_ethnicity,acause,acause_name,type_care,spending_unit,val,upper,lower
2002,10,25 to 29,3,Both,Total,all,All conditions,Total,Spending per capita in 2016 USD,2998,3057,2944
2002,11,30 to 34,3,Both,Total,all,All conditions,Total,Spending per capita in 2016 USD,3355,3435,3297
2003,10,25 to 29,3,Both,Total,all,All conditions,Total,Spending per capita in 2016 USD,3164,3225,3109
2003,11,30 to 34,3,Both,Total,all,All conditions,Total,Spending per capita in 2016 USD,3517,3592,3455
2004,10,25 to 29,3,Both,Total,all,All conditions,Total,Spending per capita in 2016 USD,3269,3330,3206
2004,11,30 to 34,3,Both,Total,all,All conditions,Total,Spending per capita in 2016 USD,3647,3723,3580
2005,10,25 to 29,3,Both,Total,all,All conditions,Total,Spending per capita in 2016 USD,3325,3392,3257
2005,11,30 to 34,3,Both,Total,all,All conditions,Total,Spending per capita in 2016 USD,3774,3846,3702
2006,10,25 to 29,3,Both,Total,all,All conditions,Total,Spending per capita in 2016 USD,3389,3464,3323
2006,11,30 to 34,3,Both,Total,all,All conditions,Total,Spending per capita in 2016 USD,3956,4033,3878
2007,10,25 to 29,3,Both,Total,all,All conditions,Total,Spending per capita in 2016 USD,3516,3597,3445
2007,11,30 to 34,3,Both,Total,all,All conditions,Total,Spending per capita in 2016 USD,4132,4216,4050
2008,10,25 to 29,3,Both,Total,all,All conditions,Total,Spending per capita in 2016 USD,3574,3661,3498
2008,11,30 to 34,3,Both,Total,all,All conditions,Total,Spending per capita in 2016 USD,4192,4278,4105
2009,10,25 to 29,3,Both,Total,all,All conditions,Total,Spending per capita in 2016 USD,3707,3796,3621
2009,11,30 to 34,3,Both,Total,all,All conditions,Total,Spending per capita in 2016 USD,4317,4406,4226
2010,10,25 to 29,3,Both,Total,all,All conditions,Total,Spending per capita in 2016 USD,3797,3879,3708
2010,11,30 to 34,3,Both,Total,all,All conditions,Total,Spending per capita in 2016 USD,4385,4480,4292
2011,10,25 to 29,3,Both,Total,all,All conditions,Total,Spending per capita in 2016 USD,3864,3945,3771
2011,11,30 to 34,3,Both,Total,all,All conditions,Total,Spending per capita in 2016 USD,4437,4535,4336
2012,10,25 to 29,3,Both,Total,all,All conditions,Total,Spending per capita in 2016 USD,3956,4035,3862
2012,11,30 to 34,3,Both,Total,all,All conditions,Total,Spending per capita in 2016 USD,4528,4635,4413
2013,10,25 to 29,3,Both,Total,all,All conditions,Total,Spending per capita in 2016 USD,3968,4050,3874
2013,11,30 to 34,3,Both,Total,all,All conditions,Total,Spending per capita in 2016 USD,4535,4641,4421
2014,10,25 to 29,3,Both,Total,all,All conditions,Total,Spending per capita in 2016 USD,4051,4142,3962
2014,11,30 to 34,3,Both,Total,all,All conditions,Total,Spending per capita in 2016 USD,4641,4755,4522
2015,10,25 to 29,3,Both,Total,all,All conditions,Total,Spending per capita in 2016 USD,4196,4306,4092
2015,11,30 to 34,3,Both,Total,all,All conditions,Total,Spending per capita in 2016 USD,4844,4972,4719
2016,10,25 to 29,3,Both,Total,all,All conditions,Total,Spending per capita in 2016 USD,4304,4428,4176
2016,11,30 to 34,3,Both,Total,all,All conditions,Total,Spending per capita in 2016 USD,5014,5163,4869
